am_273,AM-273,SR,ジュエルパクトスカイワンピ,ワンピース,,白,プリズムストーン,プレミアム,1300,ジュエルパクトスカイ,,レインボージュエルパクト だいあDXセット,,
am_274,AM-274,SR,ジュエルパクトスカイシューズ,シューズ,,白,プリズムストーン,プレミアム,700,ジュエルパクトスカイ,,レインボージュエルパクト だいあDXセット,,
am_275,AM-275,SR,シャイニースターブラックトップス,トップス,,黒,プレシャスミューズ,プレミアム,800,シャイニースターブラック,,だいあとアンジュ ジュエル＆コーデセット,,
am_276,AM-276,SR,シャイニースターブラックスカート,ボトムス,,黒,プレシャスミューズ,プレミアム,750,シャイニースターブラック,,だいあとアンジュ ジュエル＆コーデセット,,
am_277,AM-277,SR,シャイニースターブラックシューズ,シューズ,,黒,プレシャスミューズ,プレミアム,700,シャイニースターブラック,,だいあとアンジュ ジュエル＆コーデセット,,
am_278,AM-278,SR,シャイニースターブラックヘアアクセ,ヘアアクセ,,黒,プレシャスミューズ,プレミアム,700,シャイニースターブラック,,だいあとアンジュ ジュエル＆コーデセット,,
am_279,AM-279,R,クーリッシュブルゾン&イエローロンT,ワンピース,,黄色,ダンスアンドストリート,クール,1000,クーリッシュブルゾンイエロー,,プリ☆チャンファイル オールアイドル,,
am_280,AM-280,PR,エジプトクイーントップス,トップス,,白,ユニバースクイーン,クール,900,エジプトクイーン,,プリチケパック3,,
am_281,AM-281,PR,エジプトクイーンボトムス,ボトムス,,白,ユニバースクイーン,クール,950,エジプトクイーン,,プリチケパック3,,
am_282,AM-282,PR,エジプトクイーンシューズ,シューズ,,白,ユニバースクイーン,クール,850,エジプトクイーン,,プリチケパック3,,
am_283,AM-283,PR,エジプトクイーンヘアアクセ,ヘアアクセ,,白,ユニバースクイーン,クール,850,エジプトクイーン,,プリチケパック3,,
am_284,AM-284,PR,スーパーサイリウムノンシュガーアナザーワンピ,ワンピース,,黒,ティンクルリボンスウィート,ラブリー,1610,スーパーサイリウムノンシュガーアナザー,,プリチケパック3,,
am_285,AM-285,PR,スーパーサイリウムノンシュガーアナザーシューズ,シューズ,,黒,ティンクルリボンスウィート,ラブリー,850,スーパーサイリウムノンシュガーアナザー,,プリチケパック3,,
am_286,AM-286,PR,スーパーサイリウムノンシュガーアナザーヘアアクセ,ヘアアクセ,,黒,ティンクルリボンスウィート,ラブリー,850,スーパーサイリウムノンシュガーアナザー,,プリチケパック3,,
am_287,AM-287,PR,ゆめサイリウムしゅうかアナザーワンピ,ワンピース,,シルバー,リッチビーナス,クール,1610,ゆめサイリウムしゅうかアナザー,,プリチケパック3,,
am_288,AM-288,PR,ゆめサイリウムしゅうかアナザーシューズ,シューズ,,紫,リッチビーナス,クール,850,ゆめサイリウムしゅうかアナザー,,プリチケパック3,,
am_289,AM-289,PR,ゆめサイリウムしゅうかアナザーヘアアクセ,ヘアアクセ,,シルバー,リッチビーナス,クール,850,ゆめサイリウムしゅうかアナザー,,プリチケパック3,,
am_290,AM-290,SR,プリティーリボンビビッドパープルトップス,トップス,,紫,シークレットアリス,クール,800,プリティーリボンビビッドパープル,,プリチケパック3,,
am_291,AM-291,SR,プリティーリボンビビッドパープルスカート,ボトムス,,紫,シークレットアリス,クール,750,プリティーリボンビビッドパープル,,プリチケパック3,,
am_292,AM-292,SR,プリティーリボンビビッドパープルシューズ,シューズ,,紫,シークレットアリス,クール,700,プリティーリボンビビッドパープル,,プリチケパック3,,
am_293,AM-293,SR,プリティーリボンビビッドパープルヘアアクセ,ヘアアクセ,,紫,シークレットアリス,クール,700,プリティーリボンビビッドパープル,,プリチケパック3,,
am_294,AM-294,SR,ベイビーモンスターピンクサイリウムワンピ,ワンピース,,ピンク,ベイビーモンスター,クール,1300,ベイビーモンスターピンクサイリウム,,プリチケパック3,,
am_295,AM-295,SR,ベイビーモンスターピンクサイリウムシューズ,シューズ,,白,ベイビーモンスター,クール,700,ベイビーモンスターピンクサイリウム,,プリチケパック3,,
am_296,AM-296,SR,ベイビーモンスターピンクサイリウムヘアアクセ,ヘアアクセ,,ピンク,ベイビーモンスター,クール,700,ベイビーモンスターピンクサイリウム,,プリチケパック3,,
am_297,AM-297,SR,フォーチュンパーティーパープルサイリウムワンピ,ワンピース,,紫,フォーチュンパーティー,ポップ,1300,フォーチュンパーティーパープルサイリウム,,プリチケパック3,,
am_298,AM-298,SR,フォーチュンパーティーパープルサイリウムシューズ,シューズ,,紫,フォーチュンパーティー,ポップ,700,フォーチュンパーティーパープルサイリウム,,プリチケパック3,,
am_299,AM-299,SR,フォーチュンパーティーパープルサイリウムヘアアクセ,ヘアアクセ,,白,フォーチュンパーティー,ポップ,700,フォーチュンパーティーパープルサイリウム,,プリチケパック3,,
am_300,AM-300,R,カラフルクッキングキウイトップス,トップス,,白,ガールズエール,ポップ,600,カラフルクッキングキウイ,,プリチケパック3,,
am_301,AM-301,R,カラフルクッキングキウイスカート,ボトムス,,緑,ガールズエール,ポップ,550,カラフルクッキングキウイ,,プリチケパック3,,
am_302,AM-302,R,カラフルクッキングキウイシューズ,シューズ,,緑,ガールズエール,ポップ,650,カラフルクッキングキウイ,,プリチケパック3,,
am_303,AM-303,R,カラフルクッキングキウイヘアアクセ,ヘアアクセ,,白,ガールズエール,ポップ,550,カラフルクッキングキウイ,,プリチケパック3,,
am_304,AM-304,R,ハロウィンマジカルブルートップス,トップス,,青,スイートハニー,ラブリー,600,ハロウィンマジカルブルー,,プリチケパック3,,
am_305,AM-305,R,ハロウィンマジカルブルースカート,ボトムス,,黄色,スイートハニー,ラブリー,550,ハロウィンマジカルブルー,,プリチケパック3,,
am_306,AM-306,R,ハロウィンマジカルブルーシューズ,シューズ,,黄色,スイートハニー,ラブリー,650,ハロウィンマジカルブルー,,プリチケパック3,,
am_307,AM-307,R,ハロウィンマジカルブルーヘアアクセ,ヘアアクセ,,青,スイートハニー,ラブリー,550,ハロウィンマジカルブルー,,プリチケパック3,,
am_308,AM-308,R,おやすみひつじピンクトップス,トップス,,ピンク,キューティーハピネス,ラブリー,600,おやすみひつじピンク,,プリチケパック3,,
am_309,AM-309,R,おやすみひつじピンクスカート,ボトムス,,ピンク,キューティーハピネス,ラブリー,550,おやすみひつじピンク,,プリチケパック3,,
am_310,AM-310,R,おやすみひつじピンクシューズ,シューズ,,ピンク,キューティーハピネス,ラブリー,650,おやすみひつじピンク,,プリチケパック3,,
am_311,AM-311,R,おやすみひつじピンクヘアアクセ,ヘアアクセ,,ピンク,キューティーハピネス,ラブリー,550,おやすみひつじピンク,,プリチケパック3,,
am_312,AM-312,R,セブンスコーデポップドレスアナザースタイル,ワンピース,,緑,プリティーリズム,ポップ,1000,セブンスコーデポップアナザースタイル,,プリチケパック3,,
am_313,AM-313,R,セブンスコーデポップシューズアナザースタイル,シューズ,,緑,プリティーリズム,ポップ,550,セブンスコーデポップアナザースタイル,,プリチケパック3,,
am_314,AM-314,R,セブンスコーデポップヘアアクセプラチナスタイル,ヘアアクセ,,水色,プリティーリズム,ポップ,550,セブンスコーデポップアナザースタイル,,プリチケパック3,,
am_315,AM-315,R,セブンスコーデエスニックドレスアナザースタイル,ワンピース,,水色,プリティーリズム,ポップ,1000,セブンスコーデエスニックアナザースタイル,,プリチケパック3,,
am_316,AM-316,R,セブンスコーデエスニックシューズアナザースタイル,シューズ,,水色,プリティーリズム,ポップ,550,セブンスコーデエスニックアナザースタイル,,プリチケパック3,,
am_317,AM-317,R,セブンスコーデエスニックヘアアクセプラチナスタイル,ヘアアクセ,,白,プリティーリズム,ポップ,550,セブンスコーデエスニックアナザースタイル,,プリチケパック3,,
am_318,AM-318,N,レトロストライプブラウントップス,トップス,,茶,ドーリーワルツ,ラブリー,400,レトロストライプブラウン,,プリチケパック3,,
am_319,AM-319,N,レトロストライプブラウンスカート,ボトムス,,茶,ドーリーワルツ,ラブリー,450,レトロストライプブラウン,,プリチケパック3,,
am_320,AM-320,N,レトロストライプブラウンシューズ,シューズ,,茶,ドーリーワルツ,ラブリー,500,レトロストライプブラウン,,プリチケパック3,,
am_321,AM-321,N,レトロストライプブラウンヘアアクセ,ヘアアクセ,,茶,ドーリーワルツ,ラブリー,400,レトロストライプブラウン,,プリチケパック3,,
am_322,AM-322,N,リトルローズさわやかトップス,トップス,,黄,マリオネットミュー,ラブリー,400,リトルローズさわやか,,プリチケパック3,,
am_323,AM-323,N,リトルローズさわやかスカート,ボトムス,,白,マリオネットミュー,ラブリー,500,リトルローズさわやか,,プリチケパック3,,
am_324,AM-324,N,リトルローズさわやかシューズ,シューズ,,白,マリオネットミュー,ラブリー,450,リトルローズさわやか,,プリチケパック3,,
am_325,AM-325,N,リトルローズさわやかヘアアクセ,ヘアアクセ,,白,マリオネットミュー,ラブリー,400,リトルローズさわやか,,プリチケパック3,,
am_326,AM-326,N,ミステリーWITHエスコートワンピ,ワンピース,,黒,ブランドなし,プレミアム,700,ミステリーWITHエスコート,,プリチケパック3,,
am_327,AM-327,N,ミステリーWITHエスコートシューズ,シューズ,,黒,ブランドなし,プレミアム,400,ミステリーWITHエスコート,,プリチケパック3,,
am_328,AM-328,N,ミステリーWITHエスコートヘアアクセ,ヘアアクセ,,黒,ブランドなし,プレミアム,400,ミステリーWITHエスコート,,プリチケパック3,,
